Id,Book,Author,Passage,Context,LiteraryAnalysis
1,Crime and Punishment,Fyodor Dostoyevsky,"He took out the axe entirely, lifted it up with both hands, scarcely conscious of himself, and almost without effort, almost mechanically, brought the blunt side down on her head. A slight cry, and she sank down onto the floor, though still able to raise her hands to her head, in a faint attempt to defend herself. Then he struck her again, and yet again. The blood rushed out as from an overturned glass, and she fell backward.","This passage describes the pivotal moment when the protagonist, Rodion Raskolnikov, commits murder. He kills Alyona Ivanovna, an old pawnbroker, as part of his misguided philosophical experiment—an attempt to test his theory that certain extraordinary individuals have the right to transgress moral laws for the sake of a higher purpose. However, rather than proving his superiority, this act plunges him into guilt and psychological torment.","This passage, when read independently, functions as a study of violent action, exploring the disconnection between theory and reality in human behavior. It forces readers to confront the nature of crime—not as a single act but as something with lasting moral and existential consequences."
2,Crime and Punishment,Fyodor Dostoyevsky,"""Why am I to be pitied, you say? Yes! There's nothing to pity me for! I ought to be crucified, crucified on a cross, not pitied! Crucify me, oh judge, crucify me but pity me! And then I will go of myself to be crucified, for it's not merry-making I seek but tears and tribulation! . . ; Do you suppose, you that sell, that this pint of yours has been sweet to me? It was tribulation I sought at the bottom of it, tears and tribulation, and have found it, and I have tasted it; but He will pity us Who has had pity on all men. Who has understood all men and all things. He is the One, He too is the judge. He will come in that day and He will ask: 'Where is the daughter who gave herself for her cross, consumptive step-mother and for the little children of another? Where is the daughter who had pity upon the filthy drunkard, her earthly father, undismayed by his beastliness?' And He will say, 'Come to me! I have already forgiven thee once. ... I have forgiven thee once. . . . Thy sins which are many are forgiven thee for thou hast loved much. . . .' And he will forgive my Sonia, He will forgive, I know it ... I felt it in my heart when I was with her just now! And He will judge and will forgive all, the good and the evil, the wise and the meek.""","This passage is spoken by Marmeladov, an impoverished, drunken former official, in one of his impassioned monologues. He speaks to Raskolnikov, expressing his belief in the redemptive power of suffering. He references his daughter, Sonia, who has become a prostitute to support her family. In his self-loathing, he calls for judgment but also clings to the hope of divine mercy.","When read independently, this passage functions as a meditation on suffering, guilt, and redemption. It is a powerful reflection on the human need for both justice and grace, encapsulating one of the novel’s central themes: the idea that suffering can lead to salvation."
3,Crime and Punishment,Fyodor Dostoyevsky,"“He walked on like a man condemned to torture, but unaware of the crime for which he was doomed. The city, vast and indifferent, loomed about him, its streets engulfing him in an endless parade of faces, each one blurred, yet somehow piercing. A strange feverish excitement filled his chest, though whether from horror or some dark and secret exultation, he could not say. He was alone, and yet—was he truly alone? Somewhere, in the shadowy recesses of his mind, the sound of his own confession seemed to echo, wordless, yet relentless.”","Raskolnikov, a former student, has committed murder in an attempt to prove his own superiority. However, as guilt consumes him, he experiences psychological torment, vacillating between justification and overwhelming remorse. This passage captures his deteriorating state of mind.","Dostoevsky’s psychological realism is on full display here. His prose reflects Raskolnikov’s inner turmoil, where external reality and internal conscience merge into an oppressive force. The novel’s themes—guilt, punishment, and the isolation of the human soul—are concentrated in this passage."
4,The Scarlet Letter,Nathaniel Hawthorne,"“The letter was the symbol of her calling. Such helpfulness was found in her—so much power to do, and power to sympathize—that many people refused to interpret the scarlet A by its original signification. They said that it meant Able; so strong was Hester Prynne, with a woman’s strength.”","Hester Prynne, who has been condemned for adultery and forced to wear the scarlet letter “A” on her chest, reflects on what the symbol has come to mean. Initially a mark of shame, the letter begins to change in significance, shaping her identity in unexpected ways.",Hawthorne uses symbolism to show the evolution of shame into empowerment. The shift in the meaning of the letter parallels Hester’s transformation from a social outcast to a respected member of society. This moment underscores the novel’s critique of rigid moral judgment and the possibility of redemption and reinterpretation.
4,The Scarlet Letter,Nathaniel Hawthorne,"“With a convulsive motion he tore away the ministerial band from before his breast. It was revealed! But it mattered little, for, with a mocking smile, the audience, though they looked fervently for it, beheld nothing in the phenomenon of the minister’s bodily appearance. Save it were for the faint, tremulous glow of the reduplicated flames of the wharf, throwing its light ruddily upon the pale withered leaves of the bible-black foliage—the emaciated preacher stood before them, his hand upon his heart! Yet the awestricken multitude, though they saw nothing distinctly, shuddered as by the electric chain that binds us all together.”","This scene occurs near the end of The Scarlet Letter when Reverend Dimmesdale, tormented by guilt over his secret sin with Hester Prynne, finally reveals his own shame. For years, he has hidden the fact that he is the father of Hester’s child, letting her bear the public disgrace alone. This climactic moment, in which he stands on the scaffold and exposes a mark on his chest, is a moment of catharsis—his long-held guilt reaches its breaking point.","Hawthorne plays with ambiguity—does Dimmesdale have a scarlet letter branded on his chest, or is it only visible to some? The electric chain that binds us all together suggests that guilt and moral responsibility are universal. The imagery of dim firelight against the preacher’s frail body reinforces the novel’s themes of sin, punishment, and redemption."
5,The Great Gatsby,F. Scott Fitzgerald,"“No telephone message arrived, but the butler went without his sleep and waited for it until four o’clock—until long after there was anyone to give it to if it came. I have an idea that Gatsby himself didn’t believe it would come, and perhaps he no longer cared. If that was true, he must have felt that he had lost the old warm world, paid a high price for living too long with a single dream. He must have looked up at an unfamiliar sky through frightening leaves and shivered as he found what a grotesque thing a rose is and how raw the sunlight was upon the scarcely created grass. A new world, material without being real, where poor ghosts, breathing dreams like air, drifted fortuitously about…”","Jay Gatsby, a man who built his entire life around an unattainable dream, is shot dead in his swimming pool. He had hoped Daisy would leave her husband for him, but instead, he is left alone, with only the illusion of hope. This moment is deeply symbolic—Gatsby, a man who believed in endless possibility, dies waiting for a call that will never come.","Fitzgerald’s imagery here strips Gatsby of his illusions. The world he once admired now seems distorted, revealing the hollowness of the American Dream. Gatsby’s tragic fate mirrors that of many who chase unattainable dreams, believing they can shape reality to fit their desires."
6,The Great Gatsby,F. Scott Fitzgerald,"“There was a kind of golden haze over the room, where the faces of young men and women, flushed with champagne, shone momentarily with the delirious animation of some exotic dream. The music pulsed in the background, a faint and insistent drumbeat to the revelry that seemed to float, ephemeral as mist, upon the heavy scent of perfume and the sparkling laughter of inebriated voices. And yet, beneath it all, there lurked a sense of something transient, something that would vanish like smoke at the first breath of dawn.”","Fitzgerald’s The Beautiful and Damned explores the hedonism of the Jazz Age and the decline of a young couple, Anthony and Gloria Patch, who indulge in extravagance but face inevitable ruin. This passage captures a moment at one of their lavish parties, where excitement and doom intertwine.","Fitzgerald’s prose blends beauty with impending doom. The rhythm of his sentences mimics the intoxication of the moment, with lush imagery contrasting with the fragility of human joy. This is a signature Fitzgerald theme: the seductive illusion of happiness masking inevitable decline."
7,Sense and Sensibility,Jane Austen,"“Marianne would have thought herself very inexcusable had she been able to sleep at all the first night after parting from Willoughby. She would have been ashamed to look her family in the face the next morning, had she not risen from her bed in the same state of restless misery in which she had laid down. But nor had she ever been able to enjoy a moment’s tranquillity since the renewal of Willoughby’s attentions. She was oppressed, she was overcome by her own felicity—and saw no folly in so exclusively devoting herself to the hours which were to bless the society of Willoughby with her.”","Marianne Dashwood, the passionate and impulsive sister, has fallen deeply in love with John Willoughby, believing that he returns her affection. However, when he abruptly leaves for London without explanation and later sends her a cruel letter renouncing their relationship, she is devastated. This scene captures her emotional turmoil and the contrast between her intense sensibility and her sister Elinor’s more reserved nature.","Austen highlights how Marianne, governed by sensibility rather than sense, allows her emotions to dictate her actions. The exaggerated language emphasizes how Marianne indulges in her sorrow, seeing suffering as a validation of her love. This contrasts with Elinor’s restraint and rationality, showcasing Austen’s broader theme of the need for balance between emotion and reason."
8,Sense and Sensibility,Jane Austen,"“Elinor was to be the only sufferer by this; and though determined to submit with fortitude, to it, and to rejoice that Edward was not acting improperly, she was silent while Lucy, in the triumph of her heart, related her intended happiness, and detailed the progress of their affection. Elinor’s heart, though firm, was irritated by the observations of Lucy to a degree that almost overcame her judgment; that only increased by the laugh, which betrayed the insensibility of her companion. The highly valued respect of Edward, the kind regard which his wishes had secured for her, were all gone. She was lively, and she was impartial, but she could not be unconcerned.”","Austen highlights how Marianne, governed by sensibility rather than sense, allows her emotions to dictate her actions. The exaggerated language emphasizes how Marianne indulges in her sorrow, seeing suffering as a validation of her love. This contrasts with Elinor’s restraint and rationality, showcasing Austen’s broader theme of the need for balance between emotion and reason.","This passage highlights Elinor’s strength and quiet suffering. Unlike Marianne, she does not outwardly express her heartbreak but instead suppresses it, showing Austen’s emphasis on self-discipline and emotional resilience. The contrast between Lucy’s triumph and Elinor’s fortitude underscores the novel’s theme of sense versus sensibility."
9,Sense and Sensibility,Jane Austen,"“Elinor, starting back with a look of amazement, declared herself unable to understand what he meant. He repeated it, and it was not till he grasped her hand with force, and burst forth into a rapturous exclamation, that she began to comprehend him. She screamed with joy; and when he raised her to his bosom, she could not believe her senses. Edward, to relieve her, spoke yet plainer, repeated again and again that he was hers. That Edward was now free to give his hand to another was indisputable; but that Elinor should be his choice was beyond belief and beyond compare.”","After much heartache, Elinor finally receives her long-awaited happiness. Edward Ferrars, having been freed from his engagement to Lucy Steele, comes to propose to her. Elinor, who has spent the entire novel suppressing her emotions, is overwhelmed by joy in this rare emotional outburst.","This passage is significant because it is one of the only times in the novel where Elinor allows herself to fully express her emotions. Austen uses physicality (grasped her hand, raised her to his bosom) to show that Elinor is no longer burdened by restraint. The proposal represents the novel’s resolution—Elinor, who has suffered in silence, is finally rewarded for her patience and moral steadfastness."
10,Moby Dick,Herman Melville,"“The path to my fixed purpose is laid with iron rails, whereon my soul is grooved to run. Over unsounded gorges, through the rifled hearts of mountains, under torrents’ beds, unerringly I rush! Naught’s an obstacle, naught’s an angle to the iron way! … Truth has no confines. The magnetic needle is true—but it obeys the force which overcomes it. And like that needle, I go; whether I will or no, I passively revolve about the centre, ever drawn toward the great vortex.”","Captain Ahab, obsessed with hunting the white whale, delivers this speech reflecting on his sense of destiny. He sees himself as powerless against the forces that drive him forward—fate, destiny, and obsession. This passage captures the novel’s philosophical depth and explores the themes of free will versus determinism.","Melville’s language reinforces Ahab’s monomania (obsessive fixation). The imagery of machinery (iron rails, grooved tracks) makes Ahab seem like an unstoppable force, incapable of changing course. His belief in an inevitable destiny makes this moment both tragic and grand."
11,Dead Souls,Nikolai Gogol,"“A rather nondescript britzka, covered in dust from the long journey, rolled into the town at an hour when even the flies seemed to be suffering from lethargy. The driver, a man of indeterminate expression, cracked his whip halfheartedly, as if unsure whether to urge the horses forward or let fate decide. And in the carriage, reclining with an air of affected comfort, sat a gentleman of moderate stature, neither too stout nor too thin, his face adorned with a smile of such ambiguous pleasantness that one could not say whether he was pleased to have arrived or already planning his escape.”","In Dead Souls, the protagonist, Chichikov, arrives in a provincial Russian town with a bizarre scheme: he plans to buy the legal rights to “dead souls”—serfs who have died but are still counted as property on tax records. The novel blends satire, absurdity, and deep philosophical reflection on Russian society. This passage describes his arrival, immediately setting a tone of comedy and irony.","Gogol’s satirical style is evident here. His exaggerated descriptions create a mood of both realism and absurdity, setting the stage for Chichikov’s ridiculous yet sinister scheme. His humor is both playful and biting, critiquing bureaucracy and social corruption in 19th-century Russia."
12,Meditations,Marcus Aurelius,"“Does the sun require thanks for shining? Does the vine demand praise for bearing fruit? So too must man do good—not for applause, nor for recognition, but because it is in his nature. The bee does not count the flowers it has visited, nor the river the lands it has nourished—so why should man tally his virtues? The reward of goodness is goodness itself. And as the tree provides shade to the traveler without thought, so must you give of yourself freely, expecting nothing in return.”","Marcus Aurelius, the Stoic Roman emperor, wrote Meditations as a series of reflections on virtue, duty, and self-discipline. This passage examines how goodness is inherent in rational beings and is its own reward, regardless of recognition or reward.","Marcus Aurelius’s concise, poetic wisdom embodies Stoic ideals—doing good for its own sake. The imagery of nature acting effortlessly reinforces the idea that virtue should be natural, not calculated. The passage encourages selflessness, humility, and detachment from external approval."